{"zb_beds_min": -0.8742942214012146, "zb_beds_max": 0.8357971906661987, "WSE_min": 2.131195175738587, "WSE_max": 3.3361493200993584, "H_min": 1.5110833618890767, "H_max": 3.980212579153092, "U_min": 1.507078529646452, "U_max": 3.9680351964881604}