{"zb_beds_min": -0.8886238932609558, "zb_beds_max": 0.9154458045959473, "WSE_min": 2.0414499512810838, "WSE_max": 3.353810892229044, "H_min": 1.408855005913227, "H_max": 3.9285253912724083, "U_min": 1.5269019544513383, "U_max": 4.255756779835334}