{
    "zb_min": -0.5341168252028807,
    "zb_max": 0.4932241696754109,
    "vel_x_min": 0.56091058254,
    "vel_x_max": 1.033569932,
    "vel_y_min": -0.10823988169,
    "vel_y_max": 0.074302837253,
    "water_depth_min": 1.4887200593948364,
    "water_depth_max": 2.535939931869507,
    "WSE_min": 1.977720022201538,
    "WSE_max": 2.0353100299835205,
    "bounds": [
        0.0,
        25.6,
        0.0,
        6.4,
        -0.44999653657,
        0.39197456959
    ]
}