{
    "zb_min": -0.5698917518021627,
    "zb_max": 0.558267959844507,
    "vel_x_min": 0.35147365928,
    "vel_x_max": 0.69782859087,
    "vel_y_min": -0.068544760346,
    "vel_y_max": 0.065277382731,
    "water_depth_min": 1.489989995956421,
    "water_depth_max": 2.49862003326416,
    "WSE_min": 1.9960800409317017,
    "WSE_max": 2.017169952392578,
    "bounds": [
        0.0,
        100.0,
        0.0,
        20.0,
        -0.46558090571,
        0.55826882305
    ]
}