{
    "zb_min": 21.442367515310497,
    "zb_max": 29.29275751137233,
    "vel_x_min": -0.40676933527,
    "vel_x_max": 2.8416950703,
    "vel_y_min": -1.4758809805,
    "vel_y_max": 3.580324173,
    "water_depth_min": 0.21030299365520477,
    "water_depth_max": 7.597819805145264,
    "WSE_min": 28.882699966430664,
    "WSE_max": 30.06410026550293,
    "bounds": [
        0.0,
        1239.775216,
        -70.708407,
        85.793989,
        23.135321,
        28.921613
    ],
    "slope_x_min": -29.29275751137233,
    "slope_x_max": 29.22015108019217,
    "slope_y_min": -29.29275751137233,
    "slope_y_max": 29.23186053944141
}