{
    "zb_min": -0.5376459749468477,
    "zb_max": 0.5045581013286,
    "vel_x_min": 0.54764068127,
    "vel_x_max": 1.0410672426,
    "vel_y_min": -0.10823988169,
    "vel_y_max": 0.07701485604,
    "water_depth_min": 1.4876999855041504,
    "water_depth_max": 2.5409600734710693,
    "WSE_min": 1.9776500463485718,
    "WSE_max": 2.0355100631713867,
    "bounds": [
        0.0,
        25.6,
        0.0,
        6.4,
        -0.44999653657,
        0.39197456959
    ]
}