{
    "zb_min": -0.7935158179593941,
    "zb_max": 0.791556103633537,
    "vel_x_min": 0.035389102995,
    "vel_x_max": 1.1607400179,
    "vel_y_min": -0.9885237813,
    "vel_y_max": 0.29931473732,
    "water_depth_min": 0.2079239934682846,
    "water_depth_max": 1.7910699844360352,
    "WSE_min": 0.744737982749939,
    "WSE_max": 1.1254199743270874,
    "bounds": [
        0.0,
        25.6,
        0.0,
        6.4,
        -0.30129776734,
        0.30739113836
    ]
}