{"q5": 0.35744483488136003, "q25": 0.4503979496024535, "q50": 0.522932347602996, "q75": 0.6106918896890907, "q95": 0.7924904776858389}