{
    "zb_min": -0.4999996752864214,
    "zb_max": 0.49999957862660904,
    "vel_x_min": 0.13944809139,
    "vel_x_max": 1.2392089367,
    "vel_y_min": -0.73751437664,
    "vel_y_max": 0.72069221735,
    "water_depth_min": 0.47749900817871094,
    "water_depth_max": 1.5193300247192383,
    "WSE_min": 0.8596569895744324,
    "WSE_max": 1.1391299962997437,
    "bounds": [
        0.0,
        25.6,
        0.0,
        6.4,
        -0.49284243843,
        0.49460021996
    ],
    "slope_x_min": -0.07883755002580914,
    "slope_x_max": 0.08300386275191124,
    "slope_y_min": -0.15006340991357225,
    "slope_y_max": 0.1540245114266834
}